1;Bohemian Rhapsody;Queen
2;Hotel California;Eagles
3;Stairway To Heaven;Led Zeppelin
4;Piano Man;Billy Joel
5;Child In Time;Deep Purple
6;Black;Pearl Jam
7;Wish You Were Here;Pink Floyd
8;Fix You;Coldplay
9;Avond;Boudewijn de Groot
10;November Rain;Guns N' Roses
11;Heroes;David Bowie
12;Comfortably Numb;Pink Floyd
13;Thunderstruck;AC/DC
14;Mag Ik Dan Bij Jou;Claudia de Breij
15;Nothing Else Matters;Metallica
16;Imagine;John Lennon
17;Brothers In Arms;Dire Straits
18;Purple Rain;Prince & The Revolution
19;The River;Bruce Springsteen
20;Hurt;Johnny Cash
21;Radar Love;Golden Earring
22;Shine On You Crazy Diamond;Pink Floyd
23;One;Metallica
24;Oceaan;Racoon
25;Africa;Toto
26;Sultans Of Swing;Dire Straits
27;Paradise By The Dashboard Light;Meat Loaf
28;The Sound Of Silence;Simon & Garfunkel
29;God Only Knows;The Beach Boys
30;Just Breathe;Pearl Jam
31;Viva La Vida;Coldplay
32;One;U2
33;Go Your Own Way;Fleetwood Mac
34;Smells Like Teen Spirit;Nirvana
35;Old And Wise;The Alan Parsons Project
36;Sweet Child O' Mine;Guns N' Roses
37;Alive;Pearl Jam
38;Innuendo;Queen
39;The Scientist;Coldplay
40;In The End;Linkin Park
41;With Or Without You;U2
42;A Forest;The Cure
43;Highway To Hell;AC/DC
44;School;Supertramp
45;Over De Muur;Klein Orkest
46;Clocks;Coldplay
47;Sunday Bloody Sunday;U2
48;In The Air Tonight;Phil Collins
49;Riders On The Storm;The Doors
50;Brabant;Guus Meeuwis
51;Sympathy For The Devil;The Rolling Stones
52;Iron Sky;Paolo Nutini
53;Telegraph Road;Dire Straits
54;The Sound Of Silence;Disturbed
55;Mr. Blue Sky;Electric Light Orchestra
56;Under The Bridge;Red Hot Chili Peppers
57;Back To Black;Amy Winehouse
58;Bridge Over Troubled Water;Simon & Garfunkel
59;Whole Lotta Rosie;AC/DC
60;Sorry;Kensington
61;Hey Jude;The Beatles
62;Het Dorp;Wim Sonneveld
63;Enter Sandman;Metallica
64;Killing In The Name Of;Rage Against The Machine
65;Creep;Radiohead
66;Somebody To Love;Queen
67;Paint It Black;The Rolling Stones
68;Angels;Robbie Williams
69;Private Investigations;Dire Straits
70;Angie;The Rolling Stones
71;Where The Streets Have No Name;U2
72;Love Of My Life;Queen
73;Losing My Religion;R.E.M.
74;(Sittin' On) The Dock Of The Bay;Otis Redding
75;Tears In Heaven;Eric Clapton
76;Space Oddity;David Bowie
77;The House Of The Rising Sun;The Animals
78;Chasing Cars;Snow Patrol
79;Let It Be;The Beatles
80;Gimme Shelter;The Rolling Stones
81;Goodnight Saigon;Billy Joel
82;Het Regent Zonnestralen;Acda & De Munnik
83;Bitter Sweet Symphony;The Verve
84;Fool's Overture;Supertramp
85;Suspicious Minds;Elvis Presley
86;Pastorale;Ramses Shaffy & Liesbeth List
87;Yesterday;The Beatles
88;The Pretender;Foo Fighters
89;Someone Like You;Adele
90;Another Brick In The Wall (Part II);Pink Floyd
91;Papa;Stef Bos
92;Dancing Queen;ABBA
93;Master Of Puppets;Metallica
94;Don't Stop Me Now;Queen
95;Stil In Mij;Van Dik Hout
96;Uprising;Muse
97;The Rose;Bette Midler
98;Hallelujah;Leonard Cohen
99;Belfast Child;Simple Minds
100;Wonderwall;Oasis
101;Under Pressure;Queen & David Bowie
102;Jeanny;Falco
103;Shape Of You;Ed Sheeran
104;The Last Resort;Eagles
105;Here Comes The Sun;The Beatles
106;Desperado;Eagles
107;Who Wants To Live Forever;Queen
108;Laat Me;Ramses Shaffy
109;Dochters;Marco Borsato
110;Fragile;Sting
111;Paranoid;Black Sabbath
112;Old Man;Neil Young
113;Billie Jean;Michael Jackson
114;Hallelujah;Jeff Buckley
115;Don't Look Back In Anger;Oasis
116;Enjoy The Silence;Depeche Mode
117;A Whiter Shade Of Pale;Procol Harum
118;Perfect Day;Lou Reed
119;When The Lady Smiles;Golden Earring
120;Wuthering Heights;Kate Bush
121;Blackbird;The Beatles
122;Hello;Adele
123;I Still Haven't Found What I'm Looking For;U2
124;Nights In White Satin;The Moody Blues
125;Knights Of Cydonia;Muse
126;Yellow;Coldplay
127;Californication;Red Hot Chili Peppers
128;Jolene;Dolly Parton
129;The Unforgettable Fire;U2
130;Whole Lotta Love;Led Zeppelin
131;Smoke On The Water;Deep Purple
132;Voor Haar;Frans Halsema
133;Hurricane;Bob Dylan
134;Sorry;Kyteman
135;Somebody To Love (Live);George Michael & Queen
136;Jeremy;Pearl Jam
137;Thinking Out Loud;Ed Sheeran
138;Make You Feel My Love;Adele
139;One Day Like This;Elbow
140;The Boxer;Simon & Garfunkel
141;Saturday Night;Herman Brood & His Wild Romance
142;Iedereen Is Van De Wereld;The Scene
143;Love You More;Racoon
144;Everybody Hurts;R.E.M.
145;Summer Of '69;Bryan Adams
146;Lose Yourself;Eminem
147;Thriller;Michael Jackson
148;Still Got The Blues;Gary Moore
149;September;Earth Wind & Fire
150;The Load Out / Stay;Jackson Browne
151;Everlong;Foo Fighters
152;Street Spirit (Fade Out);Radiohead
153;Oude Maasweg;The Amazing Stroopwafels
154;Dream On;Aerosmith
155;Come As You Are;Nirvana
156;Take On Me;A-Ha
157;I Put A Spell On You;Creedence Clearwater Revival
158;Bad;U2
159;Kleine Jongen;André Hazes
160;Paradise City;Guns N' Roses
161;Man In The Mirror;Michael Jackson
162;Du Hast;Rammstein
163;Rolling In The Deep;Adele
164;Skyfall;Adele
165;A Day In The Life;The Beatles
166;Earth Song;Michael Jackson
167;What's Going On;Marvin Gaye
168;Fear Of The Dark;Iron Maiden
169;Nobody's Wife;Anouk
170;Karma Police;Radiohead
171;I See Fire;Ed Sheeran
172;Bloed, Zweet En Tranen;André Hazes
173;Kayleigh;Marillion
174;Chop Suey!;System Of A Down
175;Mama;Genesis
176;Don't You (Forget About Me);Simple Minds
177;Perfect;Ed Sheeran
178;Mr. Brightside;The Killers
179;All Along The Watchtower;Jimi Hendrix Experience
180;Born To Run;Bruce Springsteen
181;Insomnia;Faithless
182;Sonne;Rammstein
183;Fields Of Gold;Sting
184;Seven Nation Army;The White Stripes
185;Castle On The Hill;Ed Sheeran
186;Money For Nothing;Dire Straits
187;Music;John Miles
188;Society;Eddie Vedder
189;Streets Of Philadelphia;Bruce Springsteen
190;Ace Of Spades;Motörhead
191;Lightning Crashes;Live
192;The Winner Takes It All;ABBA
193;Black Hole Sun;Soundgarden
194;Papillon;Editors
195;Dat Ik Je Mis;Maaike Ouboter
196;She;Charles Aznavour
197;The Show Must Go On;Queen
198;Don't Stop Believin';Journey
199;Zing Vecht Huil Bid Lach Werk En Bewonder;Ramses Shaffy
200;Formidable;Stromae
201;Kryptonite;3 Doors Down
202;Zombie;The Cranberries
203;In The Ghetto;Elvis Presley
204;Human;Rag'n'Bone Man
205;Home;Dotan
206;In Your Arms;Chef'Special
207;Heart Of Gold;Neil Young
208;Beautiful Day;U2
209;Bed Of Roses;Bon Jovi
210;No One Knows;Queens Of The Stone Age
211;Barcelona;Freddie Mercury & Montserrat Caballé
212;Echoes;Pink Floyd
213;Graceland;Paul Simon
214;Dust In The Wind;Kansas
215;You Can't Always Get What You Want;The Rolling Stones
216;Have You Ever Seen The Rain;Creedence Clearwater Revival
217;Ne Me Quitte Pas;Jacques Brel
218;Sex On Fire;Kings Of Leon
219;When We Were Young;Adele
220;Zeg Me Dat Het Niet Zo Is;Frank Boeijen Groep
221;Good Vibrations;The Beach Boys
222;Psycho;Muse
223;Dreadlock Holiday;10CC
224;Paranoid Android;Radiohead
225;While My Guitar Gently Weeps;The Beatles
226;Happy;Pharrel Williams
227;More Than A Feeling;Boston
228;Roxanne;The Police
229;Angel Of Death;Slayer
230;War;Kensington
231;She Sells Sanctuary;The Cult
232;Careless Whisper;George Michael
233;One (2005);U2 & Mary J Blige
234;Another 45 Miles;Golden Earring
235;Forever Young;Alphaville
236;Samba Pa Ti;Santana
237;Kronenburg Park;Frank Boeijen Groep
238;Fast Car;Tracy Chapman
239;Ruthless Queen;Kayak
240;Englishman In New York;Sting
241;All Of Me;John Legend
242;Blauw;The Scene
243;Wind Of Change;Scorpions
244;The End;The Doors
245;Ice Queen;Within Temptation
246;Lithium;Nirvana
247;I'm Not In Love;10CC
248;Window Of My Eyes;Cuby & The Blizzards
249;Dreams;Fleetwood Mac
250;Proud Mary;Ike & Tina Turner
251;Kashmir;Led Zeppelin
252;The Chain;Fleetwood Mac
253;Set Fire To The Rain;Adele
254;Zij Gelooft In Mij;André Hazes
255;Back In Black;AC/DC
256;Baba O'Riley;The Who
257;No Woman No Cry;Bob Marley & The Wailers
258;Sterrenstof;De Jeugd Van Tegenwoordig
259;Ain't No Sunshine;Bill Withers
260;Troy;Sinead O'Connor
261;Sara;Fleetwood Mac
262;California Dreamin';The Mamas & The Papas
263;A Sky Full Of Stars;Coldplay
264;Fortunate Son;Creedence Clearwater Revival
265;I Want To Break Free;Queen
266;Du;Peter Maffay
267;Life On Mars;David Bowie
268;Halo Of Flies;Alice Cooper
269;Take Me To Church;Hozier
270;Boulevard Of Broken Dreams;Green Day
271;Redemption Song;Bob Marley & The Wailers
272;Me And Bobby McGee;Janis Joplin
273;The Day Before You Came;ABBA
274;Let Her Go;Passenger
275;Worn Down Piano;Mark & Clark Band
276;Brown Eyed Girl;Van Morrison
277;Testament;Boudewijn de Groot
278;Knocking On Heaven's Door;Guns N' Roses
279;Somewhere Only We Know;Keane
280;Lola Montez;Volbeat
281;White Rabbit;Jefferson Airplane
282;Against All Odds;Phil Collins
283;My Immortal;Evanescence
284;Gotta Catch 'Em All;Jason Paige
285;Bad Moon Rising;Creedence Clearwater Revival
286;With A Little Help From My Friends;Joe Cocker
287;Haus Am See;Peter Fox
288;God Is A DJ;Faithless
289;Layla (Unplugged);Eric Clapton
290;Every Breath You Take;The Police
291;Solsbury Hill;Peter Gabriel
292;The Man With The Child In His Eyes;Kate Bush
293;Fade To Black;Metallica
294;Streets;Kensington
295;Morning Has Broken;Cat Stevens
296;The Unforgiven;Metallica
297;Als Ze Er Niet Is;De Dijk
298;Suzanne;Leonard Cohen
299;Eagle;ABBA
300;I Want To Know What Love Is;Foreigner
301;Zo Stil;Bløf
302;Don't Give Up;Peter Gabriel & Kate Bush
303;Silent Lucidity;Queensrÿche
304;One Step Beyond;Madness
305;(I Can't Get No) Satisfaction;The Rolling Stones
306;Twilight Zone;Golden Earring
307;Dancing In The Dark;Bruce Springsteen
308;Deurdonderen;Normaal
309;One Of These Nights;Eagles
310;Killer Queen;Queen
311;Radioactive;Imagine Dragons
312;Run;Snow Patrol
313;Une Belle Histoire;Michel Fugain
314;Aan De Kust;Bløf
315;Free Bird;Lynyrd Skynyrd
316;The Cave;Mumford & Sons
317;Jesus To A Child;George Michael
318;She's Always A Woman To Me;Billy Joel
319;Ring Of Fire;Johnny Cash
320;Kiss From A Rose;Seal
321;Onderweg;Abel
322;Vienna;Ultravox
323;Nothing Compares 2 U;Sinead O'Connor
324;She's Not There;Santana
325;Smokers Outside The Hospital Doors;Editors
326;Three Little Birds;Bob Marley & The Wailers
327;I'm On Fire;Bruce Springsteen
328;Walk Of Life;Dire Straits
329;9 Crimes;Damien Rice
330;Sweet Caroline;Neil Diamond
331;Poison;Alice Cooper
332;Bat Out Of Hell;Meat Loaf
333;Mother Earth;Within Temptation
334;Beat It;Michael Jackson
335;Welcome To The Jungle;Guns N' Roses
336;Lopen Tot De Zon Komt;Acda & De Munnik
337;Do I Wanna Know;Arctic Monkeys
338;Can't Stop The Feeling!;Justin Timberlake
339;Niemand In De Stad;De Dijk
340;My Way;Frank Sinatra
341;When Doves Cry;Prince & The Revolution
342;Rockin' In The Free World;Neil Young
343;Oerend Hard;Normaal
344;Omarm;Bløf
345;The Whole Of The Moon;The Waterboys
346;Iris;Goo Goo Dolls
347;A Horse With No Name;America
348;Like A Hurricane;Neil Young
349;Laat Me (Vivre);Ramses Shaffy & Liesbeth List & Alderliefste
350;I'm Gonna Be (500 Miles);The Proclaimers
351;Liefs Uit Londen;Bløf
352;Take It Easy;Eagles
353;Sad Man's Tongue;Volbeat
354;The Logical Song;Supertramp
355;Another Love;Tom Odell
356;The Weight;The Band
357;Thunder Road;Bruce Springsteen
358;Plug In Baby;Muse
359;Basket Case;Green Day
360;Verdronken Vlinder;Boudewijn de Groot
361;Geef Mij Je Angst;André Hazes
362;She;Elvis Costello
363;Time In A Bottle;Jim Croce
364;Halt Mich;Herbert Grönemeyer
365;Ren Lenny Ren;Acda & De Munnik
366;Last Christmas;Wham!
367;November;Rowwen Hèze
368;Unfinished Sympathy;Massive Attack
369;Time;Pink Floyd
370;Fantasy;Earth Wind & Fire
371;De Vondeling Van Ameland;Boudewijn de Groot
372;Calm After The Storm;The Common Linnets
373;Harder Dan Ik Hebben Kan;Bløf
374;Livin' On A Prayer;Bon Jovi
375;You Shook Me All Night Long;AC/DC
376;99 Luftballons;Nena
377;Learn To Fly;Foo Fighters
378;Starman;David Bowie
379;De Vlieger;André Hazes
380;Feel;Robbie Williams
381;Sweet Home Alabama;Lynyrd Skynyrd
382;Empire State Of Mind (Part II) Broken Down;Alicia Keys
383;Wonderful Tonight;Eric Clapton
384;Eye In The Sky;The Alan Parsons Project
385;Like A Rollin' Stone;Bob Dylan
386;'k Heb Je Lief;Paul de Leeuw
387;The Power Of Love;Frankie Goes To Hollywood
388;Staying Alive;Bee Gees
389;Your Song;Elton John
390;Another Day In Paradise;Phil Collins
391;Estranged;Guns N' Roses
392;Let's Dance;David Bowie
393;Romeo And Juliet;Dire Straits
394;Can I Play With Madness;Iron Maiden
395;Chandelier;Sia
396;Paradise;Coldplay
397;Don't Give Up The Fight;Racoon
398;Breaking The Habit;Linkin Park
399;These Are The Days Of Our Lives;Queen
400;I Was Made For Loving You;Kiss
401;Op Fietse;Skik
402;Money;Pink Floyd
403;The Man Who Sold The World (unplugged);Nirvana
404;Light My Fire;The Doors
405;Numb/Encore;Linkin Park & Jay Z
406;Bliss;Muse
407;New Years Day;U2
408;The Great Gig In The Sky;Pink Floyd
409;We Will Rock You;Queen
410;The A Team;Ed Sheeran
411;Eleanor Rigby;The Beatles
412;Cowboys And Angels;George Michael
413;Born Slippy;Underworld
414;Riddles;Kensington
415;Year Of The Cat;Al Stewart
416;Dirty Diana;Michael Jackson
417;Wicked Game;Chris Isaak
418;Sometimes It Snows In April;Prince & The Revolution
419;Pride;U2
420;I Don't Want To Miss A Thing;Aerosmith
421;L.A. Woman;The Doors
422;Message In A Bottle;The Police
423;The Thrill Is Gone;B.B. King
424;Blue Monday;New Order
425;Psycho Killer;Talking Heads
426;I Walk The Line;Johnny Cash
427;Love Will Tear Us Apart;Joy Division
428;Rebel Rebel;David Bowie
429;Snow (Hey Oh);Red Hot Chili Peppers
430;Photograph;Ed Sheeran
431;Have I Told You Lately That I Love You;Van Morrison
432;Thank You For The Music;ABBA
433;Little Lion Man;Mumford & Sons
434;Lost;Anouk
435;Still Loving You;Scorpions
436;Johnny B. Goode;Chuck Berry
437;Hey Joe;Jimi Hendrix Experience
438;Mag Het Licht Uit;De Dijk
439;Smooth Criminal;Michael Jackson
440;Hold The Line;Toto
441;Tribute;Tenacious D
442;Little Black Submarines;The Black Keys
443;Holiday In Spain;Counting Crows & Bløf
444;Starlight;Muse
445;Demons;Imagine Dragons
446;Dansen Aan Zee;Bløf
447;Hocus Pocus;Focus
448;Such A Shame;Talk Talk
449;Baker Street;Gerry Rafferty
450;I Will Follow;U2
451;Try;Pink
452;Strong;London Grammar
453;Black Magic Woman;Santana
454;This Is What It Feels Like;Armin van Buuren ft. Trevor Guthrie
455;Do I Ever;Kensington
456;Wild Horses;The Rolling Stones
457;Badlands;Bruce Springsteen
458;Owner Of A Lonely Heart;Yes
459;Birds;Anouk
460;Dansen Op De Vulkaan;De Dijk
461;Geef Mij Je Angst;Guus Meeuwis
462;Treur Niet;Diggy Dex ft. JW Roy
463;Radio Ga Ga;Queen
464;Not An Addict;K's Choice
465;I Want You;Elvis Costello
466;Born In The U.S.A.;Bruce Springsteen
467;Tusk;Fleetwood Mac
468;Somebody That I Used To Know;Gotye ft. Kimbra
469;La Grange;ZZ Top
470;Nightswimming;R.E.M.
471;Margherita;Marco Borsato
472;De Peel In Brand;Rowwen Hèze
473;I Would Stay;Krezip
474;Welterusten Meneer De President;Boudewijn de Groot
475;Groot Hart;De Dijk
476;Firth Of Fifth;Genesis
477;Uptown Funk!;Mark Ronson ft. Bruno Mars
478;Max;Paolo Conte
479;Ironic;Alanis Morissette
480;Get Lucky;Daft Punk
481;Rehab;Amy Winehouse
482;What About Us;Pink
483;Chan Chan;Buena Vista Social Club
484;I Will Always Love You;Whitney Houston
485;Immigrant Song;Led Zeppelin
486;Diamonds;The Boxer Rebellion
487;Can't Help Falling In Love With You;Elvis Presley
488;Maid Of Orleans;Orchestral Manoeuvres In The Dark
489;Stan;Eminem ft. Dido
490;Lippy Kids;Elbow
491;Patience;Guns N' Roses
492;Leningrad;Billy Joel
493;Amigo;Chef'Special
494;Wake Me Up When September Ends;Green Day
495;Everything Now;Arcade Fire
496;Halo;Beyoncé
497;Conquest Of Paradise;Vangelis
498;Alone;Heart
499;Lazarus;David Bowie
500;Take Me Home, Country Roads;John Denver
501;Always On My Mind;Elvis Presley
502;I Am... I Said;Neil Diamond
503;Holding Back The Years;Simply Red
504;Papa Was A Rolling Stone;The Temptations
505;Strawberry Fields Forever;The Beatles
506;Penny Lane;The Beatles
507;Supermassive Black Hole;Muse
508;Superstition;Stevie Wonder
509;Valerie;Mark Ronson ft. Amy Winehouse
510;The Man Who Can't Be Moved;The Script
511;So Long;Fischer-Z
512;Leave The Light On;Beth Hart
513;Stop Loving You;Toto
514;Golden Brown;The Stranglers
515;Songbird;Fleetwood Mac
516;How Deep Is Your Love;Bee Gees
517;Papaoutai;Stromae
518;Down Under;Men At Work
519;Father And Son;Cat Stevens
520;Everytime I Think Of You;The Babys
521;Scar Tissue;Red Hot Chili Peppers
522;Annie's Song;John Denver
523;The Final Countdown;Europe
524;Our House;Crosby, Stills, Nash & Young
525;A Boy Named Sue;Johnny Cash
526;Zelfs Je Naam Is Mooi;Henk Westbroek
527;What A Wonderful World;Louis Armstrong
528;Here I Go Again;Whitesnake
529;Going To The Run;Golden Earring
530;Rhiannon;Fleetwood Mac
531;Easy Livin';Uriah Heep
532;Rainbow In The Sky;Dj Paul Elstak
533;Witch Doctor;De Staat
534;Teardrop;Massive Attack
535;Fields Of Gold;Eva Cassidy
536;Father Figure;George Michael
537;You're The First, The Last, My Everything;Barry White
538;Landslide;Fleetwood Mac
539;Der Weg;Herbert Grönemeyer
540;Overcome;Live
541;Lust For Life;Iggy Pop
542;Woman In Love;Barbra Streisand
543;Boogie Wonderland;Earth Wind & Fire
544;You Are So Beautiful;Joe Cocker
545;Zij Maakt Het Verschil;De Poema's
546;All I Need;Air
547;High Hopes;Pink Floyd
548;Tougher Than The Rest;Bruce Springsteen
549;Blowing In The Wind;Bob Dylan
550;Niet Of Nooit Geweest;Acda & De Munnik
551;Albatross;Fleetwood Mac
552;So Long Marianne;Leonard Cohen
553;Gimme All Your Lovin';ZZ Top
554;Lyin' Eyes;Eagles
555;Dark Necessities;Red Hot Chili Peppers
556;Man On The Moon;R.E.M.
557;The Boys Of Summer;Don Henley
558;Leaving On A Jet Plane;John Denver
559;Land Of Confusion;Genesis
560;Sabotage;Beastie Boys
561;Almost Cut My Hair;Crosby, Stills, Nash & Young
562;Love Hurts;Nazareth
563;Hard Sun;Eddie Vedder
564;A Different Corner;George Michael
565;Jump;Van Halen
566;Sebastian;Cockney Rebel
567;Sweet Dreams;Eurythmics
568;Alles Geprobeerd;Het Goede Doel
569;Whiskey In The Jar;Metallica
570;Pompeii;Bastille
571;Hier Kom Ik Weg;Daniel Lohues
572;Sign 'O' The Times;Prince
573;Million Years Ago;Adele
574;Black Betty;Ram Jam
575;Tubular Bells;Mike Oldfield
576;Running With The Devil;Van Halen
577;Feel Good Inc;Gorillaz
578;Sad But True;Metallica
579;Under The Pressure;War On Drugs
580;Take This Waltz;Leonard Cohen
581;Roll Over Lay Down;Status Quo
582;Non Je Ne Regrette Rien;Edith Piaf
583;We Are The Champions;Queen
584;New Kid In Town;Eagles
585;Vincent;Don McLean
586;Motorcycle Emptiness;Manic Street Preachers
587;It's My Life;Bon Jovi
588;Is She Really Going Out With Him (Live);Joe Jackson
589;Song 2;Blur
590;Through The Barricades;Spandau Ballet
591;Otherside;Red Hot Chili Peppers
592;All I Want Is You;U2
593;Gravity;John Mayer
594;Slow Dancing In A Burning Room;John Mayer
595;Tinseltown In The Rain;The Blue Nile
596;Champagne Supernova;Oasis
597;If You Leave Me Now;Chicago
598;Cloudbusting;Kate Bush
599;No Mercy;Racoon
600;Clint Eastwood;Gorillaz
601;I Follow Rivers;Triggerfinger
602;Be My Number Two;Joe Jackson
603;Daughters;John Mayer
604;Ashes To Ashes;David Bowie
605;Go Like Elijah;Chi Coltrane
606;Walk;Foo Fighters
607;De Verzoening;Frank Boeijen Groep
608;24K Magic;Bruno Mars
609;Michel;Anouk
610;Mutter;Rammstein
611;Narcotic;Liquido
612;Bright Eyes;Art Garfunkel
613;Mamma Mia;ABBA
614;China Girl;David Bowie
615;Driving Home For Christmas;Chris Rea
616;Us And Them;Pink Floyd
617;Ben;Michael Jackson
618;The Turn Of A Friendly Card;The Alan Parsons Project
619;Total Eclipse Of The Heart;Bonnie Tyler
620;Never Tear Us Apart;INXS
621;Little Green Bag;George Baker Selection
622;Running Up That Hill;Kate Bush
623;White Room;Cream
624;Who'll Stop The Rain;Creedence Clearwater Revival
625;They Don't Care About Us;Michael Jackson
626;Sinds 1 Dag Of 2 (32 Jaar);Doe Maar
627;Dat Komt Door Jou;Guus Meeuwis
628;Need Your Love So Bad;Fleetwood Mac
629;Wild Is The Wind;David Bowie
630;Into My Arms;Nick Cave & The Bad Seeds
631;My Boy;Elvis Presley
632;My Hometown;Bruce Springsteen
633;Wake Me Up;Avicii
634;Sharp Dressed Man;ZZ Top
635;Ik Kan Het Niet Alleen;De Dijk
636;Prachtig Mooie Dag;Daniel Lohues
637;Lola;The Kinks
638;Come Together;The Beatles
639;Zonder Jou;Simone Kleinsma & Paul de Leeuw
640;Teach Your Children;Crosby, Stills, Nash & Young
641;Alive & Kicking;Simple Minds
642;I Will Wait;Mumford & Sons
643;Blueberry Hill;Fats Domino
644;Dreamer;Supertramp
645;Follow You Follow Me;Genesis
646;(Don't Fear) The Reaper;Blue Öyster Cult
647;Pinball Wizard;The Who
648;Faith;George Michael
649;Jailhouse Rock;Elvis Presley
650;Would?;Alice In Chains
651;1999;Prince
652;Norwegian Wood (This Bird Has Flown);The Beatles
653;Rood;Marco Borsato
654;How You Gonna See Me Now;Alice Cooper
655;A Night Like This;Caro Emerald
656;The Passenger;Iggy Pop
657;You'll Be In My Heart;Phil Collins
658;Folsom Prison Blues (live In Folsom Prison);Johnny Cash
659;Mrs. Robinson;Simon & Garfunkel
660;Waterloo;ABBA
661;Denis;Blondie
662;Zandloper;Typhoon
663;Kristallnach;BAP
664;Red Red Wine;UB40
665;Venus;Shocking Blue
666;Wrong;Novastar
667;Liverpool Rain;Racoon
668;Something Just Like This;Coldplay & Chainsmokers
669;Take Me Out;Franz Ferdinand
670;Mijn Houten Hart;De Poema's
671;Bloasmuziek;Gé Reinders
672;Let It Happen;Tame Impala
673;Liefde Van Later;Herman van Veen
674;Everywhere;Fleetwood Mac
675;In The Dutch Mountains;Nits
676;Freedom;George Michael
677;Use Somebody;Kings Of Leon
678;Walk On The Wild Side;Lou Reed
679;There Is A Light That Never Goes Out;The Smiths
680;Waterfront;Simple Minds
681;Don't Dream It's Over;Crowded House
682;I Bet You Look Good On The Dancefloor;Arctic Monkeys
683;American Idiot;Green Day
684;One Way Wind;The Cats
685;Just A Little Bit Of Peace In My Heart;Golden Earrings
686;Crazy Little Thing Called Love;Queen
687;I Alone;Live
688;Sailing;Rod Stewart
689;Never Be Clever;Herman Brood & His Wild Romance
690;Lullaby;The Cure
691;Changes;2Pac
692;Another One Bites The Dust;Queen
693;Jungleland;Bruce Springsteen
694;Little Wing;Jimi Hendrix Experience
695;You're So Vain;Carly Simon
696;Like The Way I Do;Melissa Etheridge
697;Mooie Dag;Bløf
698;You Want It Darker;Leonard Cohen
699;Slippery People (Live);Talking Heads
700;Video Games;Lana Del Rey
701;Chiquitita;ABBA
702;You Do Something To Me;Paul Weller
703;Real Men;Joe Jackson
704;Tunnel Of Love;Dire Straits
705;You Know I'm No Good;Amy Winehouse
706;Unchain My Heart;Joe Cocker
707;Toen Ik Je Zag;Hero
708;Mr. Jones;Counting Crows
709;Tonight;Tina Turner & David Bowie
710;What It Is;Mark Knopfler
711;Whatever You Want;Status Quo
712;The Times They Are A-Changing;Bob Dylan
713;You Can Call Me Al;Paul Simon
714;Don't Let The Sun Go Down On Me;George Michael & Elton John
715;Fool On The Hill;The Beatles
716;Human;The Killers
717;Gaia;Valensia
718;American Pie;Don McLean
719;Heaven Must Be Missing An Angel;Tavares
720;Suzie Q;Creedence Clearwater Revival
721;Jimmy;Boudewijn de Groot
722;Nothing Rhymed;Gilbert O'Sullivan
723;Best Of You;Foo Fighters
724;You;Ten Sharp
725;No Surprises;Radiohead
726;So Lonely;The Police
727;The Long And Winding Road;The Beatles
728;Als Het Vuur Gedoofd Is;Acda & De Munnik
729;Born To Be Wild;Steppenwolf
730;Sound And Vision;David Bowie
731;Always;Bon Jovi
732;Bring Me To Life;Evanescence
733;My Silver Lining;First Aid Kit
734;Our House;Madness
735;Rain Down On Me;Kane
736;River Deep Mountain High;Ike & Tina Turner
737;Does Your Mother Know;ABBA
738;Blauwe Ruis;Bløf
739;I Still Cry;Ilse DeLange
740;Locomotive Breath;Jethro Tull
741;Once Upon A Time In The West;Ennio Morricone
742;Bloedend Hart;De Dijk
743;Ziggy Stardust;David Bowie
744;The Family Tree;Venice
745;Fly Me To The Moon;Frank Sinatra
746;Beautiful Noise;Neil Diamond
747;Musica É;Eros Ramazzotti
748;Limburg;Rowwen Hèze
749;Heading Up High;Armin van Buuren ft. Kensington
750;Cold Little Heart;Michael Kiwanuka
751;Zeg Maar Niets Meer;André Hazes
752;Father And Friend;Alain Clark
753;Smooth Operator;Sade
754;Hunger Strike;Temple Of The Dog
755;Daar Gaat Ze;Clouseau
756;Why Tell Me, Why;Anita Meyer
757;School's Out;Alice Cooper
758;Bedshaped;Keane
759;Trouble;Coldplay
760;Band On The Run;Paul McCartney & Wings
761;Top Of The World;Carpenters
762;Words;Bee Gees
763;Free Fallin';Tom Petty
764;You're My Best Friend;Queen
765;Winter;Tori Amos
766;Everybody Wants To Rule The World;Tears For Fears
767;I Feel Love;Donna Summer
768;The Eyes Of Jenny;Sandy Coast
769;Rocket Man;Elton John
770;Kan Ik Iets Voor Je Doen?;De Dijk
771;Jesus He Knows Me;Genesis
772;In-A-Gadda-Da-Vida;Iron Butterfly
773;Every Little Thing She Does Is Magic;The Police
774;Sweet Goodbyes;Krezip
775;Eternal Flame;Bangles
776;Eye Of The Tiger;Survivor
777;Carry On Wayward Son;Kansas
778;Waves;Mr. Probz
779;Con Te Partirò;Andrea Bocelli
780;Fake Plastic Trees;Radiohead
781;People Are Strange;The Doors
782;Everglow;Coldplay
783;One Of These Days;Pink Floyd
784;Like A Prayer;Madonna
785;Suzanne;Herman van Veen
786;Nikita;Elton John
787;(Everything I Do) I Do It For You;Bryan Adams
788;Something;The Beatles
789;This Is The Life;Amy Macdonald
790;Rosanna;Toto
791;Mooi;Marco Borsato
792;Hymn For The Weekend;Coldplay
793;Message To My Girl;Split Enz
794;If You Tolerate This Your Children Will Be Next;Manic Street Preachers
795;You've Got A Friend;Carole King
796;In The Blood;John Mayer
797;Once In A Lifetime;Talking Heads
798;Circle Of Life;Elton John
799;On Every Street;Dire Straits
800;Binnen Zonder Kloppen;De Dijk
801;Son Of A Preacher Man;Dusty Springfield
802;Let Me Entertain You;Robbie Williams
803;Here Without You;3 Doors Down
804;Het Werd Zomer;Rob de Nijs
805;Don't Cry;Guns N' Roses
806;Good Riddance (Time Of Your Life);Green Day
807;All For Nothing;Kensington
808;Can't Hold Us;Macklemore & Ryan Lewis
809;Trapped (Live);Bruce Springsteen & The E Street Band
810;I'd Do Anything For Love (But I Won't Do That);Meat Loaf
811;Belle Helene;Doe Maar
812;Anne;Herman van Veen
813;New York State Of Mind;Billy Joel
814;Chasing Pavements;Adele
815;Ain't Got No - I Got Life;Nina Simone
816;Stand By Me;Ben E. King
817;Voodoo Chile;Jimi Hendrix Experience
818;The Wind Cries Mary;Jimi Hendrix Experience
819;Flappie;Youp van 't Hek
820;Down Down;Status Quo
821;Heal The World;Michael Jackson
822;Russians;Sting
823;What's Up?;4 Non Blondes
824;Brown Sugar;The Rolling Stones
825;The One I Love;R.E.M.
826;I Heard It Through The Grapevine;Marvin Gaye
827;Home Again;Kensington
828;(You Make Me Feel Like) A Natural Woman;Aretha Franklin
829;Hald Mich 's Vas;Neet Oét Lottum
830;Dancing In The Street;David Bowie & Mick Jagger
831;Ordinary Love;U2
832;Ordinary World;Duran Duran
833;Layla;Derek & The Dominos
834;Blackstar;David Bowie
835;Foto Van Vroeger;Rob de Nijs
836;Sexual Healing;Marvin Gaye
837;Weak;Skunk Anansie
838;Epic;Faith No More
839;Whiskey In The Jar;Thin Lizzy
840;Listen To The Music;The Doobie Brothers
841;Hey Brother;Avicii
842;Respect;Aretha Franklin
843;I Gotta Feeling;Black Eyed Peas
844;Lucy In The Sky With Diamonds;The Beatles
845;Nine Million Bicycles;Katie Melua
846;A Gentleman's Excuse Me;Fish
847;Never Gonna Give You Up;Rick Astley
848;See Me Feel Me;The Who
849;The Lady In Red;Chris De Burgh
850;Raspberry Beret;Prince & The Revolution
851;Eloise;Barry Ryan
852;Afscheid Nemen Bestaat Niet;Marco Borsato
853;Don't Stop;Fleetwood Mac
854;London Calling;The Clash
855;Since I'Ve Been Loving You;Led Zeppelin
856;Geen Kind Meer;Karin Bloemen
857;Tequila Sunrise;Eagles
858;Autobahn;Kraftwerk
859;Absolute Beginners;David Bowie
860;Have A Little Faith In Me;John Hiatt
861;Little Lies;Fleetwood Mac
862;Linger;The Cranberries
863;Four Seasons In One Day;Crowded House
864;Where The Wild Roses Grow;Nick Cave & Kylie Minogue
865;Tie Your Mother Down;Queen
866;Disarm;Smashing Pumpkins
867;The Worker;Fischer-Z
868;Let Love Rule;Lenny Kravitz
869;Magic;Coldplay
870;Hunting High And Low;A-Ha
871;Unchained Melody;The Righteous Brothers
872;Keep Your Head Up;Ben Howard
873;Ruby Tuesday;The Rolling Stones
874;For Bitter Or Worse;Anouk
875;Flink Zijn;Robert Long
876;Life's What You Make It;Talk Talk
877;Peter Gunn Theme;Emerson Lake & Palmer
878;The Best;Tina Turner
879;Frozen;Madonna
880;You're The Voice;John Farnham
881;Memory;Barbra Streisand
882;Knocking On Heaven's Door;Bob Dylan
883;Mercedes Benz;Janis Joplin
884;Where Is The Love;Black Eyed Peas
885;Adventure Of A Lifetime;Coldplay
886;Wonderfull Days;Charlie Lownoise & Mental Theo
887;I Heard It Through The Grapevine;Creedence Clearwater Revival
888;Vivo Per Lei;Andrea Bocelli
889;Zoutelande;Bløf ft. Geike
890;Michelle;The Beatles
891;Glory Days;Bruce Springsteen
892;Candle In The Wind (1997);Elton John
893;Hometown Glory;Adele
894;Happy New Year;ABBA
895;'39;Queen
896;Hallelujah;Lisa Lois
897;Shout;Tears For Fears
898;Hurt;Christina Aguilera
899;How You Remind Me;Nickelback
900;Just Can't Get Enough (Live);Depeche Mode
901;Don't Speak;No Doubt
902;Porcelain;Moby
903;Give Me Love;Ed Sheeran
904;Ben Ik Te Min;Armand
905;Suicide Is Painless;M.A.S.H.
906;Lemon Tree;Fools Garden
907;In Nije Dei (Live);De Kast
908;België (Is Er Leven Op Pluto…?);Het Goede Doel
909;I'm Going Home;Ten Years After
910;Everybody Needs Somebody To Love;The Blues Brothers
911;Lay All Your Love On Me;ABBA
912;Lonely Boy;The Black Keys
913;Stay With Me;Sam Smith
914;Avalon;Roxy Music
915;In A Lifetime;Clannad
916;Sovereign Light Cafe;Keane
917;Crazy On You;Heart
918;A Kind Of Magic;Queen
919;This Is Not America;David Bowie & Pat Metheny Group
920;Dani California;Red Hot Chili Peppers
921;Black Or White;Michael Jackson
922;One Word;Anouk
923;Moondance;Van Morrison
924;Madness;Muse
925;Sign Of The Times;Harry Styles
926;She Flies On Strange Wings;Golden Earring
927;Waiting On A Friend;The Rolling Stones
928;Just Give Me A Reason;Pink & Nate Ruess
929;Baggy Trousers;Madness
930;You've Got A Friend;James Taylor
931;Love Like Blood;Killing Joke
932;Private Dancer;Tina Turner
933;Kingston Town;UB40
934;Shoes Of Lightning;Racoon
935;Thunder;Imagine Dragons
936;I Won't Give Up;Jason Mraz
937;Cold As Ice;Foreigner
938;Crazy;Seal
939;Islands In The Stream;Dolly Parton & Kenny Rogers
940;Tears Dry On Their Own;Amy Winehouse
941;Hemel Valt;Typhoon
942;Is Dit Nu Later;Stef Bos
943;The Unforgiven II;Metallica
944;Come On Eileen;Dexy's Midnight Runners & The Emerald Express
945;Waiting On A Sunny Day;Bruce Springsteen
946;Fool To Cry;The Rolling Stones
947;Plush;Stone Temple Pilots
948;About A Girl (MTV Unplugged);Nirvana
949;I Have A Dream;ABBA
950;Start Me Up;The Rolling Stones
951;I Say A Little Prayer;Aretha Franklin
952;Think (Blues Brothers Version);Aretha Franklin
953;Question;The Moody Blues
954;State Of Independence;Donna Summer
955;I Want It All;Queen
956;No More Tears;Ozzy Osbourne
957;One More Time;Daft Punk
958;Could You Be Loved;Bob Marley & The Wailers
959;Zij;Marco Borsato
960;Give It Away;Red Hot Chili Peppers
961;21 Guns;Green Day
962;Breakfast In America;Supertramp
963;Jumping Jack Flash;The Rolling Stones
964;Breakthru;Queen
965;The Man Who Sold The World;David Bowie
966;Self Esteem;The Offspring
967;You'll Never Walk Alone;Gerry & The Pacemakers
968;De Bom;Doe Maar
969;Anyplace, Anywhere, Anytime;Nena & Kim Wilde
970;Friday I'm In Love;The Cure
971;25 Or 6 To 4;Chicago
972;Racing Rats;Editors
973;She's A Rainbow;The Rolling Stones
974;Uncertain Smile;The The
975;It's My Life;Talk Talk
976;Take Five;Dave Brubeck
977;Massachusetts;Bee Gees
978;No Limit;2 Unlimited
979;Jacob's Song;Douwe Bob
980;Nightporter;Japan
981;How To Save A Life;The Fray
982;Gimme! Gimme! Gimme! (A Man After Midnight);ABBA
983;Heart-Shaped Box;Nirvana
984;MacArthur Park;Donna Summer
985;The Air That I Breathe;The Hollies
986;My Sweet Lord;George Harrison
987;Droomland;André Hazes & Paul de Leeuw
988;Wanted Dead Or Alive;Bon Jovi
989;Auto Vliegtuug;Rowwen Hèze
990;The Reflex;Duran Duran
991;Empire State Of Mind;Jay-Z & Alicia Keys
992;Scarborough Fair;Simon & Garfunkel
993;I Am The Walrus;The Beatles
994;Help;The Beatles
995;Yesterday When I Was Young;Charles Aznavour
996;Het Is Een Nacht (Levensecht...);Guus Meeuwis & Vagant
997;Remedy;The Black Crowes
998;Nightboat To Cairo;Madness
999;I Would Die 4 U;Prince & The Revolution
1000;My Generation;The Who
1001;I Want You To Want Me (Live);Cheap Trick
1002;Drops Of Jupiter (Tell Me);Train
1003;I Just Can't Help Believin';Elvis Presley
1004;Can't Stop Loving You;Phil Collins
1005;Barracuda;Heart
1006;Is Dit Alles;Doe Maar
1007;Human Nature;Michael Jackson
1008;Smalltown Boy;Bronski Beat
1009;True Colors;Cyndi Lauper
1010;The Dolphin's Cry;Live
1011;I Will Survive;Gloria Gaynor
1012;El Condor Pasa;Simon & Garfunkel
1013;De Kapitein Deel II;Acda & De Munnik
1014;House For Sale;Lucifer
1015;Alles Is Liefde;Bløf
1016;Road Trippin';Red Hot Chili Peppers
1017;Beds Are Burning;Midnight Oil
1018;Mijn Vlakke Land;Jacques Brel
1019;All I Want For Christmas Is You;Mariah Carey
1020;Personal Jesus;Depeche Mode
1021;Orinoco Flow;Enya
1022;1979;Smashing Pumpkins
1023;Hello;Lionel Richie
1024;Golden Years;David Bowie
1025;Roundabout;Yes
1026;Get Back;The Beatles
1027;Take The Long Way Home;Supertramp
1028;Family Portrait;Pink
1029;Heaven;Bryan Adams
1030;Undisclosed Desires;Muse
1031;Bigmouth Strikes Again;The Smiths
1032;Miracle;Ilse DeLange
1033;Isn't It Time;The Babys
1034;Sorry;Nothing But Thieves
1035;Go With The Flow;Queens Of The Stone Age
1036;Il Volo;Zucchero Fornaciari
1037;The Way You Make Me Feel;Michael Jackson
1038;Oh Well - Part 1;Fleetwood Mac
1039;Only Time;Enya
1040;In My Life;The Beatles
1041;Miss You;The Rolling Stones
1042;Girl;Anouk
1043;Two Out Of Three Ain't Bad;Meat Loaf
1044;Lea;The Cats
1045;You Give Love A Bad Name;Bon Jovi
1046;Save A Prayer;Duran Duran
1047;Shape Of My Heart;Sting
1048;Red Eyes;War On Drugs
1049;50 Ways To Leave Your Lover;Paul Simon
1050;Tranen Gelachen;Guus Meeuwis
1051;If You Could See Me Now;The Script
1052;Give A Little Bit;Supertramp
1053;Drive;R.E.M.
1054;Smack My Bitch Up;Prodigy
1055;Purple Haze;Jimi Hendrix Experience
1056;Let's Go Crazy;Prince & The Revolution
1057;If You Don't Know Me By Now;Simply Red
1058;Road To Nowhere;Talking Heads
1059;Won't Get Fooled Again;The Who
1060;Driver's Seat;Sniff 'n The Tears
1061;Pak Maar M'n Hand;Nick & Simon
1062;Let's Get It On;Marvin Gaye
1063;Wannabe;Spice Girls
1064;Why Does My Heart Feel So Bad?;Moby
1065;L'amour Toujours;Gigi D'agostino
1066;Time Is Running Out;Muse
1067;Love Is A Battlefield;Pat Benatar
1068;Ik Wou Dat Ik Jou Was;Veldhuis & Kemper
1069;Zwart Wit;Frank Boeijen Groep
1070;Don't Bring Me Down;Electric Light Orchestra
1071;I Wish;Stevie Wonder
1072;Sowing The Seeds Of Love;Tears For Fears
1073;Bicycle Race;Queen
1074;I Want It That Way;Backstreet Boys
1075;Proud Mary;Creedence Clearwater Revival
1076;Sledgehammer;Peter Gabriel
1077;Kiss;Prince & The Revolution
1078;You Ain't Seen Nothing Yet;Bachman-Turner Overdrive
1079;Unintended;Muse
1080;Stressed Out;Twenty One Pilots
1081;Time To Say Goodbye (Con Te Partirò);Sarah Brightman & Andrea Bocelli
1082;Walking On The Moon;The Police
1083;Harvest;Neil Young
1084;Shut Your Eyes;Snow Patrol
1085;Someone Somewhere (in Summertime);Simple Minds
1086;Wonderful World;Sam Cooke
1087;Wake Me Up Before You Go-Go;Wham!
1088;Take A Chance On Me;ABBA
1089;Run To You;Bryan Adams
1090;Summertime;Brainbox
1091;Don't Stop Till You Get Enough;Michael Jackson
1092;Smoorverliefd;Doe Maar
1093;Boys Don't Cry;The Cure
1094;Knowing Me, Knowing You;ABBA
1095;Storm And Thunder;Earth & Fire
1096;Firestarter;Prodigy
1097;Spirit Of Radio;Rush
1098;I Will Always Love You;Dolly Parton
1099;When Love Comes To Town;U2 & B.B. King
1100;Honky Tonk Women;The Rolling Stones
1101;Tears In The Morning;The Beach Boys
1102;Dazed And Confused;Led Zeppelin
1103;Waiting On The World To Change;John Mayer
1104;Are You Gonna Go My Way;Lenny Kravitz
1105;Praying For Time;George Michael
1106;I've Got Dreams To Remember;Otis Redding
1107;Everybody's Changing;Keane
1108;By The Way;Red Hot Chili Peppers
1109;Behind Blue Eyes;Limp Bizkit
1110;Blitzkrieg Bop;Ramones
1111;Voltooid Verleden Tijd;Is Ook Schitterend
1112;Watskeburt;De Jeugd Van Tegenwoordig
1113;Hey Ya!;Outkast
1114;Disco Inferno;The Trammps
1115;The Wall Street Shuffle;10CC
1116;More Than Words;Extreme
1117;Dodenrit;Drs. P
1118;Close To The Edge;Yes
1119;Red Mij Niet;Maarten van Roozendaal
1120;N'oubliez Jamais;Joe Cocker
1121;You Oughta Know;Alanis Morissette
1122;Moonlight Shadow;Mike Oldfield & Maggie Reilly
1123;A Change Is Gonna Come;Sam Cooke
1124;What A Fool Believes;The Doobie Brothers
1125;Keep On Loving You;REO Speedwagon
1126;Cambodia;Kim Wilde
1127;Apache;The Shadows
1128;Should I Stay Or Should I Go;The Clash
1129;I Wish It Would Rain Down;Phil Collins
1130;All I Want;Kodaline
1131;Follow The Sun;Xavier Rudd
1132;Close To Me;The Cure
1133;Mannish Boy;Muddy Waters
1134;Faded;Alan Walker
1135;Dancing On My Own;Calum Scott
1136;She's Leaving Home;The Beatles
1137;Alors On Danse;Stromae
1138;Love Me Tender;Elvis Presley
1139;Glycerine;Bush
1140;The Promise You Made;Cock Robin
1141;Just Say Yes;Snow Patrol
1142;Appleknockers Flophouse;Cuby & The Blizzards
1143;Water Under The Bridge;Adele
1144;Tainted Love;Soft Cell
1145;We All Stand Together;Paul McCartney & The Frog Chorus
1146;Mr. Blue;Rene Klijn
1147;Josephine;Chris Rea
1148;Vertigo;U2
1149;Streets Of London;Ralph McTell
1150;Nergens Goed Voor;De Dijk
1151;Nescio;Nits
1152;When A Man Loves A Woman;Percy Sledge
1153;Kom Terug;Spinvis
1154;Nights On Broadway;Bee Gees
1155;Glory Box;Portishead
1156;Harder Better Faster Stronger;Daft Punk
1157;Biko;Peter Gabriel
1158;Mary Jane's Last Dance;Tom Petty & The Heartbreakers
1159;Turning Tables;Adele
1160;Lucky Man;Emerson Lake & Palmer
1161;Me Gustas Tu;Manu Chao
1162;Hilversum 3;Herman van Veen
1163;Why Worry;Dire Straits
1164;Hedonism (Just Because You Feel Good);Skunk Anansie
1165;Lover Of The Light;Mumford & Sons
1166;Mad World;Michael Andrews ft. Gary Jules
1167;Zing Voor Me;Lange Frans & Thé Lau
1168;Touch Me;The Doors
1169;The Rising;Bruce Springsteen
1170;Changes;David Bowie
1171;Animals;Martin Garrix
1172;The Life I Live;Q65
1173;Mooi Liedje;Acda & De Munnik
1174;Lego House;Ed Sheeran
1175;Midnight Rambler;The Rolling Stones
1176;Non, Non, Rien N'a Changé;Poppys
1177;When I Was Your Man;Bruno Mars
1178;Believer;Imagine Dragons
1179;We Come 1;Faithless
1180;When The Sun Goes Down;Arctic Monkeys
1181;San Francisco;Scott McKenzie
1182;Gold;Spandau Ballet
1183;One Vision;Queen
1184;Une Belle Histoire / Een Mooi Verhaal;Alderliefste & Paul de Leeuw
1185;Wouldn't It Be Nice;The Beach Boys
1186;Back Down South;Kings Of Leon
1187;Papa, Can You Hear Me?;Barbra Streisand
1188;All My Life;Foo Fighters
1189;Titanium;David Guetta ft. Sia
1190;Candy;Iggy Pop & Kate Pierson
1191;The First Time Ever I Saw Your Face;Roberta Flack
1192;Do They Know It's Christmas?;Band Aid
1193;Give Up Your Guns;The Buoys
1194;Fernando;ABBA
1195;Talk;Coldplay
1196;Dear Mama;2Pac
1197;Speed Of Sound;Coldplay
1198;Born On The Bayou;Creedence Clearwater Revival
1199;Tragedy;Bee Gees
1200;The Living Years;Mike & The Mechanics
1201;He Ain't Heavy He's My Brother;The Hollies
1202;De Waarheid;Marco Borsato
1203;L.A. Song (Out Of This Town);Beth Hart
1204;I Started A Joke;Bee Gees
1205;All You Need Is Love;The Beatles
1206;You'll Never Walk Alone;Lee Towers
1207;Fire And Rain;James Taylor
1208;Theme From Harry's Game;Clannad
1209;On Top Of The World;Imagine Dragons
1210;Walking In Memphis;Marc Cohn
1211;Faster;Within Temptation
1212;Vluchten Kan Niet Meer;Frans Halsema & Jenny Arean
1213;Around The World;Daft Punk
1214;Traffic;Tiesto
1215;Both Sides Now;Joni Mitchell
1216;Love Yourself;Justin Bieber
1217;The Book Of Love;Gavin James
1218;Scarlet Ribbons;The Cats
1219;Somebody Will Know Someday;Cuby & The Blizzards
1220;Livin' Thing;Electric Light Orchestra
1221;Wit Licht;Jeroen van Koningsbrugge
1222;Live To Tell;Madonna
1223;Going To A Town;Rufus Wainwright
1224;Stuck In The Middle With You;Stealers Wheel
1225;Handle With Care;Traveling Wilburys
1226;It's A Man's Man's Man's World;James Brown
1227;Mia;Gorki
1228;Alie;Normaal
1229;Black Velvet;Alannah Myles
1230;Big Log;Robert Plant
1231;Night Fever;Bee Gees
1232;De Weg;Guus Meeuwis
1233;Burning Love;Elvis Presley
1234;Listen To Your Heart;Roxette
1235;Maggie May;Rod Stewart
1236;Listen;Beyoncé
1237;The Jean Genie;David Bowie
1238;Daughter;Pearl Jam
1239;Dust Bowl;Joe Bonamassa
1240;Shiny Happy People;R.E.M.
1241;Sgt Pepper's Lonely Hearts Club Band;The Beatles
1242;Promises Of No Man's Land;Blaudzun
1243;My Heart Will Go On (Love Theme From 'Tittanic');Céline Dion
1244;Het Land Van...;Lange Frans & Baas B
1245;Fireflies;Owl City
1246;Roof Garden;Al Jarreau
1247;One More Light;Linkin Park
1248;Lessons In Love;Level 42
1249;Move On Up;Curtis Mayfield
1250;Ich Bin Wie Du;Marianne Rosenberg
1251;Clown;Emeli Sandé
1252;Let's Stay Together;Al Green
1253;Mercy;Muse
1254;I Can't Make You Love Me;Bonnie Raitt
1255;Every Teardrop Is A Waterfall;Coldplay
1256;Long As I Can See The Light;Creedence Clearwater Revival
1257;This Town;Niall Horan
1258;Broken Wings;Mr. Mister
1259;Ik Leef Niet Meer Voor Jou;Marco Borsato
1260;Off The Wall;Michael Jackson
1261;Feeling Good;Michael Bublé
1262;Somebody Told Me;The Killers
1263;Calypso;John Denver
1264;Cry Baby;Janis Joplin
1265;Happiness;Jonathan Jeremiah
1266;You Took The Words Right Out Of My Mouth;Meat Loaf
1267;Bagagedrager;Spinvis
1268;The Less I Know The Better;Tame Impala
1269;Hold Me;Anouk & Douwe Bob
1270;Midnight Train To Georgia;Gladys Knight & The Pips
1271;Als Het Golft;De Dijk
1272;It's A Long Way There;Little River Band
1273;Refugee;Tom Petty & The Heartbreakers
1274;After Midnight;J.J. Cale
1275;Maybe Tomorrow;Stereophonics
1276;Down Man;Brainbox
1277;Het Land Van Maas En Waal;Boudewijn de Groot
1278;Learning To Fly;Tom Petty & The Heartbreakers
1279;Jerusalem;Anouk
1280;The Way We Were;Barbra Streisand
1281;Gangsta's Paradise;Coolio ft. L.V.
1282;Magnificent (She Says);Elbow
1283;Wat Zou Je Doen;Bløf
1284;Mr. Bojangles;Sammy Davis Jr.
1285;De Neus Umhoeg;Rowwen Hèze
1286;Raise Your Glass;Pink
1287;It Was A Very Good Year;Frank Sinatra
1288;Sammy;Ramses Shaffy
1289;Fluorescent Adolescent;Arctic Monkeys
1290;I Want You;Bob Dylan
1291;Back Home;Golden Earring
1292;Food For Thought;UB40
1293;Lovely Day;Bill Withers
1294;Vriendschap;Het Goede Doel
1295;Mull Of Kintyre;Paul McCartney & Wings
1296;Don't Answer Me;The Alan Parsons Project
1297;Lola (live);The Kinks
1298;Mirrors;Justin Timberlake
1299;Sex Machine;James Brown
1300;Isn't She Lovely;Stevie Wonder
1301;Times Like These;Foo Fighters
1302;Because The Night;Patti Smith Group
1303;Can't Get It Out Of My Head;Electric Light Orchestra
1304;Let The River In;Dotan
1305;Casser La Voix (Live);Patrick Bruel
1306;Pure Morning;Placebo
1307;Aanzoek Zonder Ringen;Bløf
1308;Damn Those Eyes;Kane
1309;Goodbye My Lover;James Blunt
1310;Things We Lost In The Fire;Bastille
1311;You Can Leave Your Hat On;Joe Cocker
1312;Looking Too Closely;Fink
1313;All Star;Smash Mouth
1314;Wild Rover;Dubliners
1315;As Tears Go By;The Rolling Stones
1316;The Day After Tomorrow;Saybia
1317;Sailing To Philadelphia;Mark Knopfler & James Taylor
1318;Le Freak;Chic
1319;Times Are Changing;Di-Rect
1320;You're Beautiful;James Blunt
1321;Mandy;Barry Manilow
1322;Watermensen;3JS
1323;Fame;David Bowie
1324;Rockin' All Over The World;Status Quo
1325;Live Forever;Oasis
1326;Sloop John B;The Beach Boys
1327;Spicks And Specks;Bee Gees
1328;Hide In Your Shell;Supertramp
1329;7 Seconds;Youssou N'Dour & Neneh Cherry
1330;We Belong To The Night;Ellen Foley
1331;Run To The Water;Live
1332;Feeling Good;Nina Simone
1333;Live And Let Die;Paul McCartney & Wings
1334;Moon Over Bourbon Street;Sting
1335;The Greatest;Sia
1336;Pa;Doe Maar
1337;Song Of The Marching Children;Earth & Fire
1338;On The Road Again;Canned Heat
1339;San Quentin (live At San Quentin);Johnny Cash
1340;Don't Leave Me This Way;The Communards
1341;Terug Naar De Kust;Maggie MacNeal
1342;Heartbreak Warfare;John Mayer
1343;Up & Up;Coldplay
1344;Just The Way You Are;Bruno Mars
1345;Mensch;Herbert Grönemeyer
1346;Despacito;Louis Fonsi & Daddy Yankee
1347;Liquid Spirit;Gregory Porter
1348;Guitar Man;Elvis Presley
1349;Little Red Rooster;The Rolling Stones
1350;The Blower's Daughter;Damien Rice
1351;Working Class Hero;John Lennon
1352;Call Me The Breeze;J.J. Cale
1353;One Moment In Time;Whitney Houston
1354;Tell Him;Barbra Streisand & Céline Dion
1355;Stir It Up;Bob Marley & The Wailers
1356;Voor Ik Vergeet;Spinvis
1357;Blue Hotel;Chris Isaak
1358;Always On My Mind;Willie Nelson
1359;A Ton Of Love;Editors
1360;Boys Are Back In Town;Thin Lizzy
1361;Stranger In Moscow;Michael Jackson
1362;In Dreams;Roy Orbison
1363;She Will Be Loved;Maroon 5
1364;Royals;Lorde
1365;Jump Around;House Of Pain
1366;Speeltuin;Marco Borsato
1367;Twist In My Sobriety;Tanita Tikaram
1368;Fly Like An Eagle;Steve Miller Band
1369;Europa (Earth's Cry, Heaven's Smile);Santana
1370;Yours Is No Disgrace;Yes
1371;Tiny Dancer;Elton John
1372;Same Love;Macklemore & Ryan Lewis
1373;Black Night;Deep Purple
1374;A Long December;Counting Crows
1375;Anarchy In The Uk;Sex Pistols
1376;Relax;Frankie Goes To Hollywood
1377;It's The End Of The World As We Know It (And I Feel Fine);R.E.M.
1378;On The Border;Al Stewart
1379;The Eve Of The War;Jeff Wayne & Justin Hayward
1380;I'm Yours;Jason Mraz
1381;The Unforgiven III;Metallica
1382;Under My Thumb;The Rolling Stones
1383;All The Small Things;Blink 182
1384;Don't Let Me Be Misunderstood;Santa Esmeralda
1385;Guilty;Barbra Streisand
1386;Hungry Heart;Bruce Springsteen
1387;Forbidden Colours;David Sylvian
1388;Sky And Sand;Paul Kalkbrenner
1389;Songbird;Eva Cassidy
1390;Where Do You Go To My Lovely;Peter Sarstedt
1391;God Put A Smile Upon Your Face;Coldplay
1392;Vogue;Madonna
1393;Sir Duke;Stevie Wonder
1394;Sylvia;Focus
1395;Diane;Therapy?
1396;In My Place;Coldplay
1397;Holiday;Green Day
1398;Good Grief;Bastille
1399;Cocaine;J.J. Cale
1400;Show Me The Way;Peter Frampton
1401;Mushanga;Toto
1402;Numb;Linkin Park
1403;In The Year 2525;Zager & Evans
1404;Big Love;Fleetwood Mac
1405;My Baby Just Cares For Me;Nina Simone
1406;Love In An Elevator;Aerosmith
1407;September Morn';Neil Diamond
1408;Send Me An Angel;Scorpions
1409;Angel Of Harlem;U2
1410;Beast Of Burden;Bette Midler
1411;Big In Japan;Alphaville
1412;Love Her Madly;The Doors
1413;Binnen;Marco Borsato
1414;Are You Lonesome Tonight;Elvis Presley
1415;If I Were A Boy;Beyoncé
1416;Beautiful People;Melanie
1417;Burning Heart;Vandenberg
1418;Love Shack;The B-52's
1419;Human Touch;Bruce Springsteen
1420;Wicked Way;Waylon
1421;Perhaps Love;John Denver
1422;Relight My Fire;Dan Hartman
1423;Ordinary People;John Legend
1424;(Something Inside) So Strong;Labi Siffre
1425;Verdammt Ich Lieb' Dich;Matthias Reim
1426;Get Ready;Rare Earth
1427;Heathens;Twenty One Pilots
1428;Lady D'Arbanville;Cat Stevens
1429;Bird Of Paradise;Snowy White
1430;Memories;Earth & Fire
1431;Feeling Good;Muse
1432;So Incredible;Ilse DeLange
1433;Everybody (Backstreet's Back);Backstreet Boys
1434;No Rain;Blind Melon
1435;An American Trilogy;Elvis Presley
1436;Need You Now;Lady Antebellum
1437;New York Minute;Don Henley
1438;The Way It Is;Bruce Hornsby & The Range
1439;Nathalie;Gilbert Becaud
1440;Always Look On The Bright Side Of Life;Monty Python
1441;Sure Know Something;Kiss
1442;Pumped Up Kicks;Foster The People
1443;Les Lacs Du Connemara;Michel Sardou
1444;Beautiful Goodbye;Amanda Marshall
1445;Without Me;Eminem
1446;You Win Again;Bee Gees
1447;Let It Go;James Bay
1448;Novocaine For The Soul;Eels
1449;Ruby;Kaiser Chiefs
1450;Hall Of Fame;The Script & Will.i.am
1451;Rosie;Claw Boys Claw
1452;Tous Les Memes;Stromae
1453;Mijn Van Straat Geredde Roos;De Dijk
1454;Try Again;Chef'Special
1455;Roadhouse Blues;The Doors
1456;I Won't Let You Down;PHD
1457;Shut Up And Dance;Walk The Moon
1458;The Joker;Steve Miller Band
1459;It's A Sin;Pet Shop Boys
1460;Oxygene IV;Jean Michel Jarre
1461;The Devil Went Down To Georgia;Charlie Daniels Band
1462;Why;Annie Lennox
1463;You Have Been Loved;George Michael
1464;Intergalactic;Beastie Boys
1465;Praise You;Fatboy Slim
1466;One Of Us;ABBA
1467;At Seventeen;Janis Ian
1468;No Son Of Mine;Genesis
1469;Waterloo Sunset;The Kinks
1470;Cecilia;Simon & Garfunkel
1471;Sylvia's Mother;Dr. Hook
1472;Freestyler;Bomfunk MC's
1473;Smooth;Santana ft. Rob Thomas
1474;Forever Autumn;Jeff Wayne & Justin Hayward
1475;Weekend;Earth & Fire
1476;Into Temptation;Crowded House
1477;The Drugs Don't Work;The Verve
1478;Wheels;Foo Fighters
1479;De Bestemming;Marco Borsato
1480;Round Here;Counting Crows
1481;Blinded By The Light;Manfred Mann's Earth Band
1482;Hold Back The River;James Bay
1483;Sing;Ed Sheeran
1484;How Can We Hang On To A Dream;Tim Hardin
1485;Let The Music Play;Barry White
1486;Stuck In A Moment;U2
1487;Dynamite;Mud
1488;Like The Way I Do (live) Edit;Melissa Etheridge
1489;Weather With You;Crowded House
1490;Love Rears Its Ugly Head;Living Colour
1491;Mmm Mmm Mmm Mmm;Crash Test Dummies
1492;Breakeven;The Script
1493;For No One;The Beatles
1494;Try A Little Tenderness;Otis Redding
1495;Time After Time;Cyndi Lauper
1496;Long Train Runnin';The Doobie Brothers
1497;Hart Van Mijn Gevoel;De Kast
1498;Kids;Mgmt
1499;Love Is All;Roger Glover & Guests
1500;Theme From 'New York, New York';Frank Sinatra
1501;Break On Through (To The Other Side);The Doors
1502;Sometimes You Can't Make It On Your Own;U2
1503;Rock With You;Michael Jackson
1504;Be The One;Dua Lipa
1505;Spanish Stroll;Mink DeVille
1506;Banger Hart;Rob de Nijs
1507;I'll Have To Say I Love You In A Song;Jim Croce
1508;Pamela;Toto
1509;Rosalyn;Vitesse
1510;7 Years;Lukas Graham
1511;Rumour Has It;Adele
1512;Sing For Absolution;Muse
1513;Drive;The Cars
1514;No Sleep Till Brooklyn;Beastie Boys
1515;Bad Romance;Lady Gaga
1516;City Of Blinding Lights;U2
1517;Wanna Be Startin' Something;Michael Jackson
1518;God Save The Queen;Sex Pistols
1519;Vlieg Met Me Mee;Paul de Leeuw
1520;Wonderful Life;Black
1521;Voulez-Vous;ABBA
1522;Thank You;Alanis Morissette
1523;Fairground;Simply Red
1524;Sweet Disposition;The Temper Trap
1525;West End Girls;Pet Shop Boys
1526;The Second You Sleep;Saybia
1527;Little Talks;Of Monsters And Men
1528;Stiekem Gedanst;Toontje Lager
1529;True Love That's A Wonder;Sandy Coast
1530;You Don't Bring Me Flowers;Barbra Streisand & Neil Diamond
1531;The Name Of The Game;ABBA
1532;Three Days In A Row;Anouk
1533;One Day I'll Fly Away;Randy Crawford
1534;In Between Days;The Cure
1535;Life In Technicolor II;Coldplay
1536;Jessica;The Allman Brothers Band
1537;Love On Top;Beyoncé
1538;Mercy;Shawn Mendes
1539;Dancing With Tears In My Eyes;Ultravox
1540;I Surrender;Saybia
1541;Counting Stars;One Republic
1542;Down On The Corner;Creedence Clearwater Revival
1543;Scenes From An Italian Restaurant;Billy Joel
1544;A Thing Called Love;Johnny Cash
1545;Will You Be There;Michael Jackson
1546;Heavy Cross;Gossip
1547;Politik;Coldplay
1548;Winter In Hamburg;Frank Boeijen Groep
1549;Sorry Seems To Be The Hardest Word;Elton John
1550;Rooster;Alice In Chains
1551;I'm Not So Tough;Ilse DeLange
1552;It's All Over Now;The Rolling Stones
1553;Still Crazy After All These Years;Paul Simon
1554;Gold On The Ceiling;The Black Keys
1555;I Wanna Dance With Somebody (Who Loves Me);Whitney Houston
1556;Why Can't This Be Love;Van Halen
1557;Do It Again;Steely Dan
1558;Senza Una Donna;Zucchero Fornaciari ft. Paul Young
1559;(They Long To Be) Close To You;Carpenters
1560;R U Kiddin' Me;Anouk
1561;A Face In The Crowd;Tom Petty
1562;Into The Great Wide Open;Tom Petty & The Heartbreakers
1563;No Ordinary Love;Sade
1564;Fox On The Run;The Sweet
1565;New Shoes;Paolo Nutini
1566;White Flag;Dido
1567;Make Me Smile (Come Up And See Me);Steve Harley & Cockney Rebel
1568;Summertime;Ella Fitzgerald & Louis Armstrong
1569;Bend And Break;Keane
1570;MacArthur Park;Richard Harris
1571;Malle Babbe;Rob de Nijs
1572;Mijn Gebed;DC Lewis
1573;Love On The Rocks;Neil Diamond
1574;California Love;2Pac ft. Dr. Dre
1575;Carry On;Crosby, Stills, Nash & Young
1576;Time Is On My Side;The Rolling Stones
1577;Cry Me A River;Justin Timberlake
1578;Monkey Gone To Heaven;Pixies
1579;Goodbye Stranger;Supertramp
1580;Don't Go;Yazoo
1581;Reflektor;Arcade Fire
1582;There Must Be An Angel;Eurythmics
1583;Brilliant Disguise;Bruce Springsteen
1584;Late In The Evening;Paul Simon
1585;Farewell To The Fairground;White Lies
1586;Mr. Tambourine Man;The Byrds
1587;The Saints Are Coming;U2 & Green Day
1588;That Was Yesterday;Foreigner
1589;Marian;The Cats
1590;Bad;Michael Jackson
1591;Still Believe;Herman Brood & His Wild Romance
1592;Kijk Omhoog;Nick & Simon
1593;A Hard Day's Night;The Beatles
1594;Duel (Eye To Eye);Propaganda
1595;No Surrender;Kane
1596;Too Much Love Will Kill You;Brian May
1597;Catch & Release;Matt Simons
1598;Children;Robert Miles
1599;La Vie En Rose;Grace Jones
1600;Two Tribes;Frankie Goes To Hollywood
1601;Diggin;Kovacs
1602;This Is My Life;Shirley Bassey
1603;Dakota;Stereophonics
1604;Violet Hill;Coldplay
1605;Dromen Zijn Bedrog;Marco Borsato
1606;Single Ladies (Put A Ring On It);Beyoncé
1607;I'm A Believer;The Monkees
1608;Sexy Als Ik Dans;Nielson
1609;Bullet With Butterfly Wings;Smashing Pumpkins
1610;Crazy;Aerosmith
1611;Bestel Mar;Rowwen Hèze
1612;You Can't Hurry Love;Phil Collins
1613;Overture;The Who
1614;Georgia On My Mind;Ray Charles
1615;Ventura Highway;America
1616;So Far Away;Dire Straits
1617;S.O.S.;ABBA
1618;Virtual Insanity;Jamiroquai
1619;Gute Nacht Freunde;Reinhard Mey
1620;Babel;Mumford & Sons
1621;Reelin' In The Years;Steely Dan
1622;Greatest Love Of All;Whitney Houston
1623;Don't Stand So Close To Me;The Police
1624;Rappers Delight;Sugarhill Gang
1625;Diamonds And Pearls;Prince & The New Power Generation
1626;Born To Be Alive;Patrick Hernandez
1627;Parijs;Kenny B.
1628;One Love / People Get Ready;Bob Marley & The Wailers
1629;Swim With Sam;A Balladeer
1630;Meester Prikkebeen;Boudewijn de Groot
1631;Killing Me Softly;Fugees
1632;Sunshine Of Your Love;Cream
1633;Skinny Love;Birdy
1634;Hard To Handle;The Black Crowes
1635;Ode To My Family;The Cranberries
1636;Done With It;Kensington
1637;Honesty;Billy Joel
1638;Forever Man;Eric Clapton
1639;Foolish Games;Jewel
1640;Into The Mystic;Van Morrison
1641;Walk This Way;Run DMC & Aerosmith
1642;Don't You Want Me;The Human League
1643;Grace;Jeff Buckley
1644;World Of Hurt;Ilse DeLange
1645;Poker Face;Lady Gaga
1646;Love Is All Around;Wet Wet Wet
1647;Rock And Roll;Led Zeppelin
1648;Hero;Family Of The Year
1649;You're The Devil In Disguise;Elvis Presley
1650;When I Come Around;Green Day
1651;Roar;Katy Perry
1652;Eyes Without A Face;Billy Idol
1653;Sunrise;Norah Jones
1654;I Sat By The Ocean;Queens Of The Stone Age
1655;Original Sin;INXS
1656;Unbeschreiblich Weiblich;Nina Hagen
1657;In These Arms;Bon Jovi
1658;Shake It Off;Taylor Swift
1659;La Isla Bonita;Madonna
1660;You Don't Fool Me;Queen
1661;Living Doll;Cliff Richard & The Young Ones
1662;I'll Be Over You;Toto
1663;Easy Lover;Philip Bailey & Phil Collins
1664;Galvanize;The Chemical Brothers
1665;Twist And Shout;The Beatles
1666;Annabel;Hans de Booij
1667;Love Games;Level 42
1668;Real Slim Shady;Eminem
1669;Monday Monday;The Mamas & The Papas
1670;Love Never Felt So Good;Michael Jackson & Justin Timberlake
1671;Slow Song;Joe Jackson
1672;Intro / Sweet Jane;Lou Reed
1673;It's Over;Level 42
1674;Iederene Hef Een Reden;Bökkers
1675;Cleanin' Out My Closet;Eminem
1676;The Road To Mandalay;Robbie Williams
1677;Yesterday Once More;Carpenters
1678;Girl You'll Be A Woman Soon;Neil Diamond
1679;Maybe I'm Amazed;Wings
1680;Don't Look Back;Boston
1681;No Good (Start The Dance);Prodigy
1682;Still In Love With You;Thin Lizzy
1683;Rendez-Vous 6:02;UK
1684;Leef;Andre Hazes Jr.
1685;Sunny Afternoon;The Kinks
1686;Budapest;George Ezra
1687;Loser;Beck
1688;Invisible Touch;Genesis
1689;Galway Girl;Ed Sheeran
1690;As;George Michael & Mary J Blige
1691;Tom Traubert's Blues;Tom Waits
1692;How Soon Is Now;The Smiths
1693;Right Next Door;The Robert Cray Band
1694;Wild Places;Duncan Browne
1695;For What It's Worth;Buffalo Springfield
1696;Long Way Back;Young Gun Silver Fox
1697;I Feel It Coming;The Weeknd & Daft Punk
1698;Just Like A Woman;Bob Dylan
1699;Beautiful People;Marilyn Manson
1700;Don't Forget To Remember;Bee Gees
1701;Charlie Brown;Coldplay
1702;Heart Of Glass;Blondie
1703;I Want To Hold Your Hand;The Beatles
1704;Hijo De La Luna;Mecano
1705;Ocean Of Night;Editors
1706;Als De Dag Van Toen;Reinhard Mey
1707;Love And Hate;Michael Kiwanuka
1708;Young Americans;David Bowie
1709;All Of My Heart;ABC
1710;Love Is The Drug;Roxy Music
1711;Domino;Clouseau
1712;Somebody To Love;Jefferson Airplane
1713;The Magnificent Seven;The Clash
1714;Skandal Im Sperrbezirk;Spider Murphy Gang
1715;Amsterdam;Nothing But Thieves
1716;Elevation;U2
1717;Magnificent;U2
1718;If There Is Something;Roxy Music
1719;Dancin' Fool;Frank Zappa
1720;Famous Blue Raincoat;Leonard Cohen
1721;The Highways Of My Life;The Isley Brothers
1722;Feel Like Making Love;Bad Company
1723;A Town Called Malice;The Jam
1724;Eve Of Destruction;Barry McGuire
1725;Kalverliefde;Robert Long
1726;I've Got You Under My Skin;Frank Sinatra
1727;Grounds For Divorce;Elbow
1728;Voir Un Ami Pleurer;Jacques Brel
1729;It's Raining Men;Weather Girls
1730;Can You Feel The Love Tonight;Elton John
1731;Stars;Simply Red
1732;Sorry;Justin Bieber
1733;It Must Have Been Love;Roxette
1734;Superheroes;The Script
1735;Needle And The Damage Done;Neil Young
1736;White Wedding;Billy Idol
1737;I Can't Dance;Genesis
1738;With You;Matt Simons
1739;Let's Stick Together;Bryan Ferry
1740;We Can Work It Out;The Beatles
1741;This Is The Last Time;Keane
1742;Diamonds;Rihanna
1743;The Hardest Part;Coldplay
1744;Louise;Jett Rebel
1745;Hey Boy Hey Girl;The Chemical Brothers
1746;Gloria;Them
1747;Accidentally In Love;Counting Crows
1748;I've Been Loving You Too Long;Otis Redding
1749;Lost;Coldplay
1750;Take Your Time Girl;Niels Geusebroek
1751;Can't Stand Losing You;The Police
1752;Grenade;Bruno Mars
1753;Home Again;Michael Kiwanuka
1754;Woman From Tokyo;Deep Purple
1755;Need You Tonight;INXS
1756;Across The Universe;The Beatles
1757;Ik Heb Je Lief;Stef Bos
1758;'n Beetje Verliefd;André Hazes
1759;Old Town;Phil Lynott
1760;Love Of The Common People;Paul Young
1761;Working On A Dream;Bruce Springsteen
1762;We Didn't Start The Fire;Billy Joel
1763;I Predict A Riot;Kaiser Chiefs
1764;Finding Out More;Haevn
1765;Wishful Thinking;China Crisis
1766;Crazy;Gnarls Barkley
1767;Beast Of Burden;The Rolling Stones
1768;Stitches;Shawn Mendes
1769;Peaceful Easy Feelin';Eagles
1770;Tonight Tonight;Smashing Pumpkins
1771;When I'm Sixty Four;The Beatles
1772;Uptown Girl;Billy Joel
1773;She's The One;Robbie Williams
1774;Nur Geträumt;Nena
1775;The Sun Always Shines On T.V.;A-Ha
1776;Rivers Of Babylon;Boney M
1777;Seven Days In Sunny June;Jamiroquai
1778;Stay;Rihanna ft. Mikky Ekko
1779;Hemingway;Bløf
1780;Every Kinda People;Robert Palmer
1781;Always On The Run;Lenny Kravitz
1782;Oh, Pretty Woman;Roy Orbison
1783;Nothing Really Matters;Mr. Probz
1784;Run The World (Girls);Beyoncé
1785;I Saw Her Standing There;The Beatles
1786;Starlight Dancer;Kayak
1787;Met Hart En Ziel;Tröckener Kecks
1788;Writing’s On The Wall;Sam Smith
1789;Een Meisje Van 16;Boudewijn de Groot
1790;Hotellounge;Deus
1791;Strangers In The Night;Frank Sinatra
1792;Rikki Don't Lose That Number;Steely Dan
1793;Song Sung Blue;Neil Diamond
1794;Wêr Bisto;Twarres
1795;Go West;Pet Shop Boys
1796;What Is Love;Haddaway
1797;Black Dog;Led Zeppelin
1798;Sadeness Part 1;Enigma
1799;In The Name Of Love;Martin Garrix & Bebe Rexha
1800;The Sweetest Taboo;Sade
1801;Home;Michael Bublé
1802;Daniel;Elton John
1803;La Solitudine;Laura Pausini
1804;'n Vriend;André Hazes
1805;Super Trouper;ABBA
1806;Hey There Delilah;Plain White T's
1807;Here There And Everywhere;The Beatles
1808;Times Were When;The Cats
1809;Oye Como Va;Santana
1810;Magic Man;Heart
1811;I'll Find My Way Home;Jon & Vangelis
1812;I've Just Lost Somebody;Golden Earring
1813;I Won't Back Down;Tom Petty
1814;Open Je Ogen;Bløf
1815;Three Times A Lady;Commodores
1816;Green Green Grass Of Home;Tom Jones
1817;Jealous Guy;Roxy Music
1818;Cryin';Aerosmith
1819;We Used To Wait;Arcade Fire
1820;Tuesday Afternoon;The Moody Blues
1821;Everything For Free;K's Choice
1822;Tin Soldier;Small Faces
1823;Witchy Woman;Eagles
1824;Je Veux De L'amour;Raymond Van Het Groenewoud
1825;Waarom Nou Jij;Marco Borsato
1826;Tumble And Fall;Johan
1827;Take My Breath Away;Berlin
1828;Don't Know Why;Norah Jones
1829;High And Dry;Radiohead
1830;I Want You Back;The Jackson Five
1831;Ain't No Mountain High Enough;Marvin Gaye & Tammi Terrell
1832;Suicide Blonde;INXS
1833;Up Where We Belong;Joe Cocker & Jennifer Warnes
1834;Weekend Love;Golden Earring
1835;A Little Less Conversation;Elvis Vs JXL
1836;Mad World;Tears For Fears
1837;Slow Down;Douwe Bob
1838;Never Alone;2 Brothers On The 4th Floor
1839;To Love Somebody;Bee Gees
1840;Say You Won't Let Go;James Arthur
1841;Wind Beneath My Wings;Bette Midler
1842;You Really Got Me;The Kinks
1843;Time Stood Still;Bad English ft. John Waite
1844;Seasons;Earth & Fire
1845;Make It Wit Chu;Queens Of The Stone Age
1846;The 5th;Ekseption
1847;Southern Man;Neil Young
1848;Killer;Adamski
1849;You're The Inspiration;Chicago
1850;Peggy Sue;Buddy Holly
1851;All Summer Long;Kid Rock
1852;True;Spandau Ballet
1853;Cajun Moon;J.J. Cale
1854;Hier;Bløf
1855;Sunny Days;Armin van Buuren ft. Josh Cumbee
1856;Het Is Koud Zonder Jou;André Hazes
1857;Als De Rook Om Je Hoofd Is Verdwenen;Boudewijn de Groot
1858;P.Y.T.;Michael Jackson
1859;See Emily Play;Pink Floyd
1860;In The Army Now;Status Quo
1861;Meer Dan Een Ander;Van Dik Hout
1862;Homburg;Procol Harum
1863;Sunrise;Simply Red
1864;I Don't Want To Talk About It;Rod Stewart
1865;Set The Fire To The Third Bar;Snow Patrol ft. Martha Wainright
1866;Thrift Shop;Macklemore & Ryan Lewis
1867;Treasure;Bruno Mars
1868;Just The Way You Are;Billy Joel
1869;Heaven For Everyone;Queen
1870;Atmosphere;Joy Division
1871;Enola Gay;Orchestral Manoeuvres In The Dark
1872;Toveren;Herman van Veen
1873;De Wedstrijd;Bram Vermeulen
1874;Grow Old With Me;Tom Odell
1875;Teach Me How To Dance With You;Causes
1876;Lord Of The Ages;Magna Carta
1877;Way Down We Go;Kaleo
1878;Wat Zou Je Doen;Marco Borsato & Ali B
1879;Thank God I'm A Country Boy;John Denver
1880;Holes;Passenger
1881;(I've Had) The Time Of My Life;Bill Medley & Jennifer Warnes
1882;Lady Madonna;The Beatles
1883;Bright Side Of The Road;Van Morrison
1884;Lady Jane;The Rolling Stones
1885;Crazy;Icehouse
1886;Play That Funky Music;Wild Cherry
1887;Hou Vol Hou Vast;Bløf
1888;Teardrops;Womack & Womack
1889;Nutbush City Limits;Ike & Tina Turner
1890;Davy's On The Road Again;Manfred Mann's Earth Band
1891;Club Tropicana;Wham!
1892;No Good In Goodbye;The Script
1893;As;Stevie Wonder
1894;I Got You Babe;UB40 & Chrissie Hynde
1895;Eight Days A Week;The Beatles
1896;We Zullen Doorgaan;Ramses Shaffy
1897;Yellow Submarine;The Beatles
1898;Merry Xmas Everybody;Slade
1899;Locked Out Of Heaven;Bruno Mars
1900;Mysterious Ways;U2
1901;Steppin' Out;Joe Jackson
1902;I Can't Tell You Why;Eagles
1903;Torn;Natalie Imbruglia
1904;You Make Lovin' Fun;Fleetwood Mac
1905;Dog Days Are Over;Florence + The Machine
1906;Sacrifice;Anouk
1907;Time Waits For No One;The Rolling Stones
1908;Niggas In Paris;Kanye West & Jay Z
1909;All Apologies;Nirvana
1910;I'm Not The Only One;Sam Smith
1911;Something Happened On The Way To Heaven;Phil Collins
1912;All I Wanna Do Is Make Love To You;Heart
1913;Lost On You;LP
1914;Water Of Love;Dire Straits
1915;Papa Don't Preach;Madonna
1916;Lovesong;The Cure
1917;Close To You;Michael Prins
1918;The Ballroom Blitz;The Sweet
1919;A Piece Of The Action;The Babys
1920;Girls Just Want To Have Fun;Cyndi Lauper
1921;Secret Garden;Bruce Springsteen
1922;Late Again;Stealers Wheel
1923;Dead Flowers;The Rolling Stones
1924;Homeward Bound;Simon & Garfunkel
1925;De Blues Verlaat Je Nooit;De Dijk
1926;I Don't Like Mondays;The Boomtown Rats
1927;I Got A Name;Jim Croce
1928;People Help The People;Birdy
1929;I Just Can't Stop Loving You;Michael Jackson
1930;Everybody's Free (To Wear Sunscreen);Baz Luhrman
1931;Hero;Enrique Iglesias
1932;Euphoria;Loreen
1933;Rock 'n Roll Highschool;Ramones
1934;Good Year For The Roses;Elvis Costello
1935;Brother;Racoon
1936;Woman;John Lennon
1937;The Road Ahead (Miles Of The Unknown);City To City
1938;Dichterbij Dan Ooit;Bløf
1939;Black Magic Woman;Fleetwood Mac
1940;Babooshka;Kate Bush
1941;(You Gotta) Fight For Your Right (To Party);Beastie Boys
1942;Everything;Michael Bublé
1943;Air;Ekseption
1944;I Knew You Were Waiting (For Me);Aretha Franklin & George Michael
1945;Arnold Layne;Pink Floyd
1946;Bombay;Golden Earring
1947;Crazy In Love;Beyoncé ft. Jay-Z
1948;No Regrets;The Walker Brothers
1949;Atlantis;Donovan
1950;Behind Blue Eyes;The Who
1951;Rape Me;Nirvana
1952;Heartbreak Hotel;Elvis Presley
1953;Meeting Across The River;Bruce Springsteen
1954;Me And Mrs. Jones;Billy Paul
1955;Sausolito Summernight;Diesel
1956;China In Your Hand;T'Pau
1957;Memory Remains;Metallica
1958;Last Goodbye;Jeff Buckley
1959;Waarom Fluister Ik Je Naam Nog;Benny Neyman
1960;Proosten;Guus Meeuwis
1961;Luka;Suzanne Vega
1962;Feel It Still;Portugal. The Man
1963;Paloma Blanca;George Baker Selection
1964;Sound Of The Screaming Day;Golden Earrings
1965;Addicted To You;Avicii
1966;Common People;Pulp
1967;Chained To The Rhythm;Katy Perry ft. Skip Marley
1968;Ship To Wreck;Florence + The Machine
1969;Emma;Hot Chocolate
1970;Human Behaviour;Björk
1971;Against The Wind;Bob Seger & The Silver Bullet Band
1972;Suite: Judy Blue Eyes;Crosby, Stills & Nash
1973;I Love You Like I Love Myself;Herman Brood & His Wild Romance
1974;The Cross;Prince
1975;Diamante;Zucchero Fornaciari
1976;Lay Lady Lay;Bob Dylan
1977;Baby Can I Hold You;Tracy Chapman
1978;No Diggity;Blackstreet ft. Dr Dre
1979;Whatever It Takes;Imagine Dragons
1980;Op 't Platteland;Daniel Lohues
1981;Sun Is Shining;Axwell ? Ingrosso
1982;The Model;Kraftwerk
1983;Daydream Believer;The Monkees
1984;Story Of My Life;One Direction
1985;Sugar;Maroon 5
1986;We Are The World;USA For Africa
1987;Don't Let Me Down;The Beatles
1988;After The Love Has Gone;Earth Wind & Fire
1989;Waiting For The Sun;The Doors
1990;The Last Time;The Rolling Stones
1991;Hou Van Mij;Het Goede Doel
1992;Save Tonight;Eagle Eye Cherry
1993;Get Up Stand Up;Bob Marley & The Wailers
1994;Memory Motel;The Rolling Stones
1995;Little Red Corvette;Prince
1996;Soul Man;Sam & Dave
1997;Fools Gold;Stone Roses
1998;When You Say Nothing At All;Ronan Keating
1999;Mr Rock & Roll;Amy Macdonald
2000;I'm Every Woman;Chaka Khan
